{
  "minecraft:recipes/decorations/chest": {
    "criteria": {
      "has_lots_of_items": "2019-12-11 16:34:50 -0500"
    },
    "done": true
  },
  "minecraft:story/shiny_gear": {
    "criteria": {
      "diamond_chestplate": "2019-12-11 16:35:28 -0500"
    },
    "done": true
  },
  "minecraft:adventure/adventuring_time": {
    "criteria": {
      "forest": "2019-12-11 16:37:39 -0500",
      "birch_forest": "2019-12-11 16:36:40 -0500",
      "beaches": "2019-12-11 16:39:17 -0500",
      "plains": "2019-12-11 16:39:29 -0500",
      "taiga": "2019-12-11 16:38:01 -0500",
      "taiga_hills": "2019-12-11 16:38:09 -0500",
      "birch_forest_hills": "2019-12-11 16:36:05 -0500",
      "ocean": "2019-12-11 16:39:21 -0500",
      "extreme_hills": "2019-12-11 16:34:52 -0500",
      "roofed_forest": "2019-12-11 16:39:22 -0500",
      "river": "2019-12-11 16:37:36 -0500"
    },
    "done": false
  }
}