{
  "minecraft:recipes/transportation/acacia_boat": {
    "criteria": {
      "entered_water": "2019-12-06 17:51:58 -0500"
    },
    "done": true
  },
  "minecraft:story/obtain_armor": {
    "criteria": {
      "iron_leggings": "2019-12-06 18:06:35 -0500"
    },
    "done": true
  },
  "minecraft:recipes/transportation/dark_oak_boat": {
    "criteria": {
      "entered_water": "2019-12-06 17:51:58 -0500"
    },
    "done": true
  },
  "minecraft:recipes/decorations/chest": {
    "criteria": {
      "has_lots_of_items": "2019-12-06 17:51:05 -0500"
    },
    "done": true
  },
  "minecraft:recipes/transportation/birch_boat": {
    "criteria": {
      "entered_water": "2019-12-06 17:51:58 -0500"
    },
    "done": true
  },
  "minecraft:recipes/transportation/boat": {
    "criteria": {
      "entered_water": "2019-12-06 17:51:58 -0500"
    },
    "done": true
  },
  "minecraft:recipes/transportation/jungle_boat": {
    "criteria": {
      "entered_water": "2019-12-06 17:51:58 -0500"
    },
    "done": true
  },
  "minecraft:recipes/transportation/spruce_boat": {
    "criteria": {
      "entered_water": "2019-12-06 17:51:58 -0500"
    },
    "done": true
  },
  "minecraft:adventure/adventuring_time": {
    "criteria": {
      "deep_ocean": "2019-12-06 17:51:56 -0500",
      "beaches": "2019-12-06 17:52:23 -0500",
      "savanna": "2019-12-06 17:51:06 -0500",
      "ocean": "2019-12-06 17:52:14 -0500",
      "roofed_forest": "2019-12-06 17:54:17 -0500",
      "stone_beach": "2019-12-06 18:07:10 -0500"
    },
    "done": false
  }
}