{"stat.chestOpened":1,"stat.flyOneCm":84522,"roa.learn":1,"salamander.learn":1,"stat.walkOneCm":4318,"stat.jump":11,"stat.swimOneCm":3465,"stat.playOneMinute":19280,"ghoul.learn":1,"stat.useItem.lycanitesmobs.undeadspawn":2,"stat.sneakTime":379,"stat.useItem.lsc.stone_dagger":8,"stat.damageDealt":0,"stat.useItem.lycanitesmobs.avianspawn":1,"stat.crouchOneCm":65,"uvaraptor.learn":1,"stat.timeSinceDeath":19280,"stat.useItem.minecraft.stone_slab2":2,"stat.useItem.lycanitesmobs.elementalspawn":15,"stat.diveOneCm":12164,"xaphan.learn":1}