{"stat.pickup.minecraft.rotten_flesh":70,"stat.walkOneCm":1556,"stat.pickup.lycanitesmobs.wintergift":5,"stat.drop.minecraft.diamond_chestplate":1,"stat.killEntity.Husk":54,"stat.pickup.minecraft.diamond_chestplate":2,"stat.mobKills":75,"stat.useItem.minecraft.diamond_sword":281,"stat.flyOneCm":999,"stat.pickup.lycanitesmobs.geistliver":2,"stat.drop":2,"dawon.learn":1,"stat.jump":6,"stat.pickup.minecraft.potato":1,"stat.playOneMinute":30964,"stat.pickup.minecraft.iron_ingot":1,"geist.learn":1,"stat.sneakTime":39,"stat.damageDealt":134279,"stat.crouchOneCm":89,"stat.timeSinceDeath":30964,"stat.pickup.minecraft.chainmail_leggings":1,"stat.useItem.minecraft.stone_slab2":4,"stat.useItem.minecraft.spawn_egg":74,"stat.pickup.minecraft.iron_chestplate":1,"stat.drop.minecraft.grass":1}